day,agent,messages,sessions
2025-12-13,external_claude_archive,523,1
2025-12-14,external_claude_archive,391,2
2025-12-15,external_claude_archive,26,1
2025-12-16,external_claude_archive,85,1
2025-12-18,external_claude_archive,572,4
2025-12-19,external_claude_archive,547,2
2025-12-20,external_claude_archive,669,2
2025-12-21,external_claude_archive,1080,4
2025-12-22,external_codex,326,2
2025-12-23,external_codex,274,3
2025-12-24,external_codex,255,4
2025-12-25,external_claude_archive,629,0
2025-12-26,external_claude_archive,1957,1
2025-12-27,external_claude_archive,498,1
2025-12-28,external_claude_archive,2004,3
2025-12-28,external_codex,2,1
2025-12-29,external_claude_archive,2153,1
2025-12-29,external_codex,219,1
2026-01-20,external_claude_archive,236,0
2026-01-21,external_claude_archive,304,1
2026-01-22,external_claude_archive,189,0
2026-01-23,external_claude_archive,1341,12
2026-01-24,external_claude_archive,213,1
2026-01-24,external_transcript_memory,156,0
2026-01-25,external_claude_archive,1230,3
2026-01-27,external_claude_archive,4549,34
2026-01-28,external_claude_archive,5242,31
2026-01-29,external_claude_archive,393,2
2026-01-30,external_claude_archive,213,3
2026-01-30,external_transcript_memory,161,0
2026-01-31,external_claude_archive,853,11
2026-01-31,external_transcript_memory,10283,21
2026-02-01,external_claude_archive,2469,23
2026-02-01,external_transcript_memory,22540,28
2026-02-02,claude,1297,3
2026-02-02,external_claude_archive,3752,38
2026-02-02,external_transcript_memory,6108,7
2026-02-03,claude,32661,21
2026-02-03,external_claude_archive,3896,42
2026-02-03,external_transcript_memory,8298,0
2026-02-04,claude,14849,39
2026-02-04,external_claude_archive,1399,9
2026-02-04,external_transcript_memory,8552,0
2026-02-05,claude,11699,35
2026-02-05,external_claude_archive,2816,25
2026-02-05,external_transcript_memory,8503,0
2026-02-06,claude,29973,60
2026-02-06,external_claude_archive,743,5
2026-02-06,external_transcript_memory,17854,0
2026-02-07,claude,30690,16
2026-02-07,external_claude_archive,1490,8
2026-02-07,external_transcript_memory,6852,0
2026-02-08,claude,13573,8
2026-02-08,external_transcript_memory,1116,0
2026-02-09,claude,355,1
2026-02-10,claude,5816,16
2026-02-10,external_claude_archive,253,1
2026-02-11,claude,2498,7
2026-02-11,external_claude_archive,612,2
2026-02-12,claude,2975,21
2026-02-12,external_claude_archive,179,6
2026-02-14,claude,14335,6
2026-02-15,claude,27362,31
2026-02-16,claude,24703,36
2026-02-16,codex,447,10
2026-02-16,copilot,1,1
2026-02-17,claude,4431,5
2026-02-17,codex,851,19
2026-02-17,external_claude_archive,3,1
2026-02-17,external_codex,727,3
2026-02-18,claude,8939,25
2026-02-18,codex,234,5
2026-02-18,copilot,1,1
2026-02-18,external_codex,59,1
2026-02-18,gemini,9,5
2026-02-19,claude,11746,35
2026-02-19,external_claude_archive,18,2
2026-02-19,external_codex,59,1
2026-02-20,claude,26799,41
2026-02-21,claude,38709,20
2026-02-22,claude,40079,10
2026-02-22,codex,15,1
2026-02-23,claude,39356,40
2026-02-23,codex,100,1
2026-02-24,claude,15054,26
2026-02-24,codex,453,6
2026-02-24,external_codex,366,1
2026-02-25,claude,22116,9
2026-02-25,codex,372,3
2026-02-25,external_codex,9,1
2026-02-26,claude,16306,12
2026-02-26,codex,215,4
2026-02-27,claude,7744,12
2026-02-27,codex,513,7
2026-02-28,claude,28103,11
2026-02-28,codex,30,1
2026-02-28,external_claude_archive,2043,3
2026-02-28,external_codex,15,1
2026-02-28,gemini,37,2
2026-03-01,claude,45206,25
2026-03-01,external_claude_archive,4,1
2026-03-02,claude,59190,382
2026-03-03,claude,36496,69
2026-03-03,codex,939,7
2026-03-04,claude,25723,12
2026-03-04,codex,824,11
2026-03-04,copilot,50,50
2026-03-05,codex,110,2
2026-03-05,external_codex,17,1
