quote_id,message_id,session_id,agent,ts,role,source_path,project_key,score,text_original_hash,text_redacted_hash,redaction_flags,theme_tags,quote_redacted
q001,1995399,ac4e22f8-307d-4dba-bedf-1e228323adc6,claude,2026-03-02T22:18:23.768Z,user,/home/stephanie_jarmak/.claude/projects/-home-stephanie-jarmak-CodeContextBench/ac4e22f8-307d-4dba-bedf-1e228323adc6.jsonl,-home-stephanie-jarmak-CodeContextBench,11,e210c90f1655f978e5b3ede2c65e002856c0d5201d4e0882b4d77350a0387446,e210c90f1655f978e5b3ede2c65e002856c0d5201d4e0882b4d77350a0387446,,"infra,benchmark_ops,agent_design,error_retry","27
tasks started in main batch

1
DaytonaErrors in bl_only
1
DaytonaErrors in mcp_only

Running harbor/run processes:
76"
q002,2120379,f09a8d1c-5bcf-4a12-8a80-0e3de1199576,claude,2026-03-02T21:20:44.026Z,user,/home/stephanie_jarmak/.claude/projects/-home-stephanie-jarmak-CodeContextBench/f09a8d1c-5bcf-4a12-8a80-0e3de1199576.jsonl,-home-stephanie-jarmak-CodeContextBench,11,29e3fb8e630dbd76dcb3f3eaaca22d253d93cf80327bcab302600be00b83b7a7,29e3fb8e630dbd76dcb3f3eaaca22d253d93cf80327bcab302600be00b83b7a7,,"infra,benchmark_ops,agent_design,error_retry","Overriding storage to 10240 MB alters the task from its intended configuration. This could disqualify you from leaderboard submissions for some benchmarks.
Selected strategy: _DaytonaDirect
Creating new AsyncDaytona client
Building environment from /tmp/mcp_cb-swe-polybench__typescript__maintenance__bugfix__708894b2_io2ltm/environment/Dockerfile
Convention artifacts dir not found or download failed (best-effort)"
q003,1947544,a3a2235d-2ad0-4fb7-a99e-f6d5edce9aba,claude,2026-03-02T16:35:58.526Z,user,/home/stephanie_jarmak/.claude/projects/-home-stephanie-jarmak-CodeContextBench/a3a2235d-2ad0-4fb7-a99e-f6d5edce9aba.jsonl,-home-stephanie-jarmak-CodeContextBench,11,7d0c009439b59972d70c954f3b94a579f9f3a8da6e0d92c996e87351bc7dba20,7d0c009439b59972d70c954f3b94a579f9f3a8da6e0d92c996e87351bc7dba20,,"infra,benchmark_ops,agent_design,error_retry","090401e16 feat: align agent prompts with ContextBench patch-based evaluation rubric
ff05e7270 feat: SDLC variance 150/150 — promote 3 final MCP code review runs
6778acab8 fix: remove _install_sourcegraph_skill() — causes Daytona MCP timeouts
cbf78dc70 fix: promote post-fix security run, inject SG env vars for 13 bad-oracle tasks
2ff565d56 feat: variance gap 147/150 — promote 73 batches, 3 code reviews remain"
q004,2063225,c4ca00c2-0dbb-4ab6-b77e-720541023639,claude,2026-03-02T04:26:37.895Z,user,/home/stephanie_jarmak/.claude/projects/-home-stephanie-jarmak-CodeContextBench/c4ca00c2-0dbb-4ab6-b77e-720541023639.jsonl,-home-stephanie-jarmak-CodeContextBench,11,9a9a4abe49737795d9c8b92dd2a97ac6333f77db9eb0b2970c771b28f878466f,9a9a4abe49737795d9c8b92dd2a97ac6333f77db9eb0b2970c771b28f878466f,,"infra,benchmark_ops,agent_design,error_retry","ff05e7270 feat: SDLC variance 150/150 — promote 3 final MCP code review runs
6778acab8 fix: remove _install_sourcegraph_skill() — causes Daytona MCP timeouts
cbf78dc70 fix: promote post-fix security run, inject SG env vars for 13 bad-oracle tasks
2ff565d56 feat: variance gap 147/150 — promote 73 batches, 3 code reviews remain
af296756c feat: precision improvements — tighter prompt, pruning pass, parallel execution"
q005,1843718,8241f122-2ab2-44a5-8127-649d7bb4b252,claude,2026-03-02T02:49:57.734Z,assistant,/home/stephanie_jarmak/.claude/projects/-home-stephanie-jarmak-CodeContextBench/8241f122-2ab2-44a5-8127-649d7bb4b252.jsonl,-home-stephanie-jarmak-CodeContextBench,11,192b84c1d15c82b03218b07a6734213d53e59ac7bd7ea75df482294f6e0d2b4a,192b84c1d15c82b03218b07a6734213d53e59ac7bd7ea75df482294f6e0d2b4a,,"infra,benchmark_ops,agent_design,error_retry",These tasks consistently fail on Daytona MCP (VerifierTimeoutError + build stalls). They already have 1 valid MCP run each. Let me check if the new launches are progressing differently.
q006,2053068,c227748e-138d-4bd0-ad2f-601c7fd73257,claude,2026-03-02T01:18:45.663Z,assistant,/home/stephanie_jarmak/.claude/projects/-home-stephanie-jarmak-CodeContextBench/c227748e-138d-4bd0-ad2f-601c7fd73257.jsonl,-home-stephanie-jarmak-CodeContextBench,11,b65aa2e48026c69b6361a745b4ae2056cd889d6573444aa3c8c946e91b58a44f,b65aa2e48026c69b6361a745b4ae2056cd889d6573444aa3c8c946e91b58a44f,,"infra,benchmark_ops,agent_design,error_retry",Multiple batches created (Daytona retry/split logic). 12 harbor processes still going — likely the code review MCP tasks again. Local debug pass 2 already has results. Let me wait for the remaining:
q007,1981401,a8737bec-babf-40be-90a8-a967465e8086,claude,2026-03-01T20:59:46.754Z,user,/home/stephanie_jarmak/.claude/projects/-home-stephanie-jarmak-CodeContextBench/a8737bec-babf-40be-90a8-a967465e8086.jsonl,-home-stephanie-jarmak-CodeContextBench,11,4094f7e68468f0eb5058aff2876a28bb12f8cea918eaf8964008f62600cc47fa,25076a80520e95ee386d16c6a91b4c08fdf643775b293ba8c32841a66102b614,home_path,"infra,benchmark_ops,agent_design,error_retry","    PID     ELAPSED COMMAND
1590734       27:06 [HOME_PATH_REDACTED]/.local/share/uv/tools/harbor/bin/python3 [HOME_PATH_REDACTED]/.local/bin/harbor run --path /tmp/bl_ccx-vuln-remed-170_ljqhvm --agent-import-path agents.claude_baseline_agent:BaselineClaudeCodeAgent --model anthropic/claude-haiku-4-5-20251001 --jobs-dir runs/staging/ccb_mcp_security_haiku_20260301_201904/baseline-local-artifact -n 1 --timeout-multiplier 10 --env daytona --override-storage-mb 10240"
q008,1980749,a8737bec-babf-40be-90a8-a967465e8086,claude,2026-03-01T20:47:23.466Z,user,/home/stephanie_jarmak/.claude/projects/-home-stephanie-jarmak-CodeContextBench/a8737bec-babf-40be-90a8-a967465e8086.jsonl,-home-stephanie-jarmak-CodeContextBench,11,e39f22398add5c9cd1dddc0505fb9efcadd95dd07c7f8613cc4f02f8419fc6ef,7bfa3c0ab800775703f7a86486f1f4b76303157a3a86ff3674f3bec81f51362f,home_path,"infra,benchmark_ops,agent_design,error_retry","    PID     ELAPSED COMMAND
1590734       14:43 [HOME_PATH_REDACTED]/.local/share/uv/tools/harbor/bin/python3 [HOME_PATH_REDACTED]/.local/bin/harbor run --path /tmp/bl_ccx-vuln-remed-170_ljqhvm --agent-import-path agents.claude_baseline_agent:BaselineClaudeCodeAgent --model anthropic/claude-haiku-4-5-20251001 --jobs-dir runs/staging/ccb_mcp_security_haiku_20260301_201904/baseline-local-artifact -n 1 --timeout-multiplier 10 --env daytona --override-storage-mb 10240"
q009,1717801,4a8ad7ee-09c0-41f8-aa5f-5dc2a7cd2f1e,claude,2026-03-01T01:25:26.660Z,assistant,/home/stephanie_jarmak/.claude/projects/-home-stephanie-jarmak-CodeContextBench/4a8ad7ee-09c0-41f8-aa5f-5dc2a7cd2f1e.jsonl,-home-stephanie-jarmak-CodeContextBench,11,3bb79faa76ab5c95f4b26cce93cb42041cb9babdfcb2e69ae0280cc88fab5356,3bb79faa76ab5c95f4b26cce93cb42041cb9babdfcb2e69ae0280cc88fab5356,,"infra,benchmark_ops,agent_design,error_retry",Still 2 seconds. DaytonaError. Even with `export DAYTONA_API_KEY` in `.env.local`. Let me check if the problem is the `source` command in the shell context — maybe `HARBOR_ENV=daytona bash configs/feature_2config.sh` forks a new shell that re-sources but the export doesn't persist.
q010,1641349,22c54306-e3d8-4486-8ddc-ad5c88d7a989,claude,2026-02-26T15:59:59.046Z,user,/home/stephanie_jarmak/.claude/projects/-home-stephanie-jarmak-CodeContextBench/22c54306-e3d8-4486-8ddc-ad5c88d7a989.jsonl,-home-stephanie-jarmak-CodeContextBench,11,43f623344d3a4f6e3877ffdbf5a555947e2ec4cecbfbd0c0d2046c7014ba92de,43f623344d3a4f6e3877ffdbf5a555947e2ec4cecbfbd0c0d2046c7014ba92de,,"infra,benchmark_ops,agent_design,error_retry","c9214e1fc feat: add MCP infrastructure for 3 new ccb_fix tasks
03dfbe9bc feat: add 3 new ccb_fix tasks replacing removed protonmail tasks
71ad21185 fix: eliminate 30-min chown timeout on large-repo Docker overlay2
af3e69ab7 feat: oracle hydration, model fix, protonmail removal, MCP-unique task prep
8921894da feat: achieve 100% ground truth coverage (248/248 tasks)"
q011,1640754,22c54306-e3d8-4486-8ddc-ad5c88d7a989,claude,2026-02-26T15:48:40.703Z,user,/home/stephanie_jarmak/.claude/projects/-home-stephanie-jarmak-CodeContextBench/22c54306-e3d8-4486-8ddc-ad5c88d7a989.jsonl,-home-stephanie-jarmak-CodeContextBench,11,0154c149815feed9e4d9ac13127677cca84c81c58c327d77a1cfa78b76f4c203,0154c149815feed9e4d9ac13127677cca84c81c58c327d77a1cfa78b76f4c203,,"infra,benchmark_ops,agent_design,error_retry","71ad21185 fix: eliminate 30-min chown timeout on large-repo Docker overlay2
af3e69ab7 feat: oracle hydration, model fix, protonmail removal, MCP-unique task prep
8921894da feat: achieve 100% ground truth coverage (248/248 tasks)
a0b043823 docs: update config references and remove claude command
4475eb067 chore: remove hardcoded repo paths and add community docs"
q012,1913444,9bed3d4f-09e1-439e-a774-036da17833c8,claude,2026-02-26T03:54:11.498Z,assistant,/home/stephanie_jarmak/.claude/projects/-home-stephanie-jarmak-CodeContextBench/9bed3d4f-09e1-439e-a774-036da17833c8.jsonl,-home-stephanie-jarmak-CodeContextBench,11,1b749dab6b3afdfbf86b26908f40497b2cc5e80dafe1ce75fe912f2724065229,1b749dab6b3afdfbf86b26908f40497b2cc5e80dafe1ce75fe912f2724065229,,"infra,benchmark_ops,agent_design,error_retry","Status summary:
- **navidrome + nodebb (fix reruns)**: All 4 trials scored valid 0.0 (verifier works now, agent just failed). Clean results.
- **servo-scrollend (build rerun)**: Still running 1+ hour, no result.json yet. This task persistently times out.

The fix reruns aren't high-value (0.0 → 0.0 score-wise, just cleaner data). Let me focus on **Priority 1: Launch the MCP-unique batch**.

First, let me verify the batch file is consistent and check Dockerfile availability."
q013,1936192,9faa13a9-dc5e-4397-92f1-7852cc8ab128,claude,2026-02-20T18:44:35.072Z,assistant,/home/stephanie_jarmak/.claude/projects/-home-stephanie-jarmak-CodeContextBench/9faa13a9-dc5e-4397-92f1-7852cc8ab128.jsonl,-home-stephanie-jarmak-CodeContextBench,11,e2df1c93d83378cf1e7e7be21b4bf8976d350686ced78ac1465959a48a1d488a,e2df1c93d83378cf1e7e7be21b4bf8976d350686ced78ac1465959a48a1d488a,,"infra,benchmark_ops,agent_design,error_retry","3 understanding tasks lack Dockerfile.artifact_only. If the script runs `--full-only` on all tasks, the 3 understanding tasks would hit the error:
```
ERROR: Missing Dockerfile.artifact_only for llamacpp-context-window-search-001
```

This means the script needs either (a) a filter to skip understanding tasks, or (b) the understanding tasks need Dockerfile.artifact_only. Let me check if the script handles this gracefully — the `_sdlc_run_single` function returns 1 on the error:"
q014,1811303,6f2d5509-46ae-485b-872a-415d3ca84a88,claude,2026-02-20T03:10:56.552Z,user,/home/stephanie_jarmak/.claude/projects/-home-stephanie-jarmak-CodeContextBench/6f2d5509-46ae-485b-872a-415d3ca84a88.jsonl,-home-stephanie-jarmak-CodeContextBench,11,00465ba6c4cf1d19dff0fadb2d512b3efcc5d02bef3443f750da72e29789ed14,00465ba6c4cf1d19dff0fadb2d512b3efcc5d02bef3443f750da72e29789ed14,,"infra,benchmark_ops,agent_design,error_retry","fea74cc0e perf: add pre-built base images for repo caching across 35 tasks
ffc48a8b0 perf: optimize Docker builds — remove redundant npm/claude-code, enable BuildKit
09784e3fc feat: add Local File Editing guidance to V4 preamble and prep MCP distraction rerun
7772afc0a chore: remove last 4 deprecated docker_image fields from task.toml
93e2bfc05 fix: catch FileNotFoundError in F1 JSON scorer verifiers"
q015,1698853,417ddc9e-a0b3-4933-bf1c-eedd49085ac1,claude,2026-02-20T01:37:43.992Z,user,/home/stephanie_jarmak/.claude/projects/-home-stephanie-jarmak-CodeContextBench/417ddc9e-a0b3-4933-bf1c-eedd49085ac1.jsonl,-home-stephanie-jarmak-CodeContextBench,11,b983471c2c1a0bc5bf1a77613dd815e18b6e094f82b6ac3c0b076795a9642248,b983471c2c1a0bc5bf1a77613dd815e18b6e094f82b6ac3c0b076795a9642248,,"infra,benchmark_ops,agent_design,error_retry","09784e3fc feat: add Local File Editing guidance to V4 preamble and prep MCP distraction rerun
7772afc0a chore: remove last 4 deprecated docker_image fields from task.toml
93e2bfc05 fix: catch FileNotFoundError in F1 JSON scorer verifiers
0a27f1a80 fix: add python3 to Alpine-based design task Dockerfiles
d8c936fd0 fix: quantlib Dockerfile — use libboost-dev instead of libboost-all-dev"
q016,2087822,d62b4afc-feab-44e4-af2e-fdcd385b4da7,claude,2026-02-19T20:49:54.864Z,user,/home/stephanie_jarmak/.claude/projects/-home-stephanie-jarmak-CodeContextBench/f1ba01b1-fe8e-4998-8de8-17f99e8ae757.jsonl,-home-stephanie-jarmak-CodeContextBench,11,ed221bcf6e82315751ac5ce0b421fa9360f686bde225b3e13f71b45e2391e5d4,a1cabd57b82f5a68ca22207a5135d3e9c6c5682a81a81162f5d695ce5ed16aeb,home_path,"infra,benchmark_ops,agent_design,error_retry",The file [HOME_PATH_REDACTED]/CodeContextBench/benchmarks/ccb_debug/linux-ssd-trim-timeout-fault-001/environment/Dockerfile.sg_only has been updated successfully.
q017,1663476,261b6e70-8c09-4d84-acd7-bb8d99e229db,claude,2026-02-08T02:43:01.499Z,user,/home/stephanie_jarmak/.claude/projects/-home-stephanie-jarmak-CodeContextBench/261b6e70-8c09-4d84-acd7-bb8d99e229db.jsonl,-home-stephanie-jarmak-CodeContextBench,11,8176b9f23755dd13c4487b98907bc0b6d98312a53a71262037fe6cda312e1619,8176b9f23755dd13c4487b98907bc0b6d98312a53a71262037fe6cda312e1619,,"infra,benchmark_ops,agent_design,error_retry","| SWE-Perf | 3 | Python | Performance optimization |
| CodeReview | 3 | TS, C#, Mixed | AI code review: find & fix injected PR defects |
| LinuxFLBench | 5 | C | Linux kernel fault localization |

## Running Tasks

--
- **SWE-Perf**: Scaffolding only. Dockerfiles create empty workspaces. Needs repo clones + benchmark infra.
- **CrossRepo**: Verifier fixed but ~80% task failure rate due to task difficulty.
- **K8s Docs SG_full**: API 500 error on applyconfig-doc-001 (not MCP-related).
==="
q018,1822226,75ca3b10-2a17-4627-b627-aa4011f797ef,claude,2026-02-06T03:08:21.062Z,user,/home/stephanie_jarmak/.claude/projects/-home-stephanie-jarmak-CodeContextBench/75ca3b10-2a17-4627-b627-aa4011f797ef.jsonl,-home-stephanie-jarmak-CodeContextBench,11,9943578c440fe9fa7a6d36f4ee9cc09b69f51ae2e9b4a86302f5c3e201c4467f,9943578c440fe9fa7a6d36f4ee9cc09b69f51ae2e9b4a86302f5c3e201c4467f,,"infra,benchmark_ops,agent_design,error_retry","All 13 entries found in ERROR_CATALOG.md
  Table OK: token_refresh_403
  Table OK: verifier_parse_error
  Table OK: api_500
  Table OK: api_rate_limit
  Table OK: context_window_exceeded
  Table OK: timeout
  Table OK: mcp_connection
  Table OK: import_error
  Table OK: docker_compose_fail
  Table OK: permission_denied
  Table OK: git_error
  Table OK: deep_search_polling_only
  Table OK: deep_search_polling_timeout"
q019,2185890,457ceac5-3517-4e5f-b523-caa19c2d08aa,cursor,,assistant,/home/stephanie_jarmak/.cursor/projects/home-stephanie-jarmak-CodeContextBench/agent-transcripts/457ceac5-3517-4e5f-b523-caa19c2d08aa.jsonl,home-stephanie-jarmak-CodeContextBench,11,1df6f79becb39f455ed75998eca596b30108b470b804af533cc1e931c22128e4,1df6f79becb39f455ed75998eca596b30108b470b804af533cc1e931c22128e4,,"infra,benchmark_ops,agent_design,error_retry","The test passed end-to-end:

- **Reward: 0.500** -- the agent scored on the navprove-qb-bookmark-001 task using only Sourcegraph MCP for code access (no local source)
- **0 errors** -- verifier ran successfully, meaning the restore wrapper worked (backed up agent work, restored full repo from `/repo_full/`, overlaid agent changes, then ran tests)
- **Dockerfile swap/restore** worked cleanly

Let me quickly check the verifier output to confirm the restore wrapper actually fired."
q020,1623984,17374043-1efe-4e55-b739-b083c54f1651,claude,2026-03-02T18:46:32.935Z,assistant,/home/stephanie_jarmak/.claude/projects/-home-stephanie-jarmak-CodeContextBench/17374043-1efe-4e55-b739-b083c54f1651.jsonl,-home-stephanie-jarmak-CodeContextBench,10,e51f894489081fbb59fa289061eaeb54159aedecd8b6afd11a2b6ce230837d11,e51f894489081fbb59fa289061eaeb54159aedecd8b6afd11a2b6ce230837d11,,"infra,benchmark_ops,agent_design,error_retry","All tasks are failing immediately with the same error: **Docker image names have uppercase letters** (`hb__cb-SWE-PolyBench__...`) which Docker rejects — image names must be lowercase.

The root cause is the ContextBench instance IDs contain uppercase (`SWE-Bench`, `Multi-SWE-Bench`, `SWE-PolyBench`). Harbor auto-generates image tags from task IDs, and Docker requires lowercase.

Let me stop the run and fix the task IDs."
q021,1868932,8a39e976-ba4a-4f20-806c-7f4f108878e9,claude,2026-03-01T04:10:05.388Z,user,/home/stephanie_jarmak/.claude/projects/-home-stephanie-jarmak-CodeContextBench/8a39e976-ba4a-4f20-806c-7f4f108878e9.jsonl,-home-stephanie-jarmak-CodeContextBench,10,3d2da00a3db49a7565448c2d2921baba8841a2033c9ddfc3b030143725192dc1,3d2da00a3db49a7565448c2d2921baba8841a2033c9ddfc3b030143725192dc1,,"infra,benchmark_ops,agent_design,error_retry","just archive the failed tasks within runs, never fully archive runs that have valid tasks in them; and are the daytona runs progressing well still? do we have runs queued to ensure we have variance coverage? and did our new oracle curation pipeline run for mcp unique, and do we now have more coverage there? (and if so our README likely needs to be updated)"
q022,2189719,019cb1b7-01f7-7b90-8d45-48c0d3c2329a,codex,2026-03-03T19:53:29.874Z,assistant,/home/stephanie_jarmak/.codex/sessions/2026/03/03/rollout-2026-03-03T03-21-26-019cb1b7-01f7-7b90-8d45-48c0d3c2329a.jsonl,-home-stephanie-jarmak-CodeScaleBench,9,e793d2c3155cccc80675f4c734b5be7a7661398bf85bcbf23bbe37710d127e9e,e793d2c3155cccc80675f4c734b5be7a7661398bf85bcbf23bbe37710d127e9e,,"infra,agent_design,error_retry",Current state: 6/8 lanes already failed fast with `DaytonaError` sandbox startup; only `vscode-stale-diagnostics` baseline+MCP are still actively running. I’m monitoring those two live.
q023,2190383,019cb4ff-98a7-7201-bef9-642c33e11223,codex,2026-03-03T18:41:51.082Z,assistant,/home/stephanie_jarmak/.codex/sessions/2026/03/03/rollout-2026-03-03T18-39-35-019cb4ff-98a7-7201-bef9-642c33e11223.jsonl,-home-stephanie-jarmak-CodeScaleBench,9,26c43a218d84516f6ec58e35118e0b9ad094fb2ad640559eb1efc5b5e3852b88,26c43a218d84516f6ec58e35118e0b9ad094fb2ad640559eb1efc5b5e3852b88,,"infra,benchmark_ops,agent_design",I ran the same validity filter logic used by `prepare_analysis_runs.py`. Result so far: none of the 35 missing tasks have a valid paired baseline+MCP sample in either `runs/official` or `runs/staging`. I’ll now map which tasks exist as partial/invalid artifacts and check active Daytona/Docker execution.
q024,2190301,019cb4cd-93e1-7482-9f21-0a31bdcc70e9,codex,2026-03-03T18:08:28.369Z,assistant,/home/stephanie_jarmak/.codex/sessions/2026/03/03/rollout-2026-03-03T17-44-57-019cb4cd-93e1-7482-9f21-0a31bdcc70e9.jsonl,-home-stephanie-jarmak-CodeScaleBench,9,bd2659c1fe65abc4abc4ff2a6ff06c273f43623191efa99056689478d3945250,bd2659c1fe65abc4abc4ff2a6ff06c273f43623191efa99056689478d3945250,,"infra,benchmark_ops,error_retry","Quick status: Daytona pass-1 loop is still active (`csb_sdlc_debug__daytona__pass1__wave1__both.json` running). The remediated navidrome retry is still executing, but Harbor hasn’t emitted result logs yet; I’m polling process/state directly until completion."
q025,2190176,019cb46c-3f39-7b13-a9d8-6b77cda58d89,codex,2026-03-03T18:00:02.506Z,assistant,/home/stephanie_jarmak/.codex/sessions/2026/03/03/rollout-2026-03-03T15-58-38-019cb46c-3f39-7b13-a9d8-6b77cda58d89.jsonl,-home-stephanie-jarmak-CodeScaleBench,9,5a95878114c877c02e77acd287fb8df4792aa734c9ace35109e7668eec8b10b6,5a95878114c877c02e77acd287fb8df4792aa734c9ace35109e7668eec8b10b6,,"infra,benchmark_ops,agent_design","Checking active Daytona trials and their assigned account now. I’ll verify from run artifacts and process context, then move/stop anything using account 1."
q026,2190028,019cb423-7004-7863-9454-8c7490acb6d3,codex,2026-03-03T16:41:36.066Z,assistant,/home/stephanie_jarmak/.codex/sessions/2026/03/03/rollout-2026-03-03T14-39-07-019cb423-7004-7863-9454-8c7490acb6d3.jsonl,-home-stephanie-jarmak-CodeScaleBench,9,7564d89a56673a4455dc51711e286da2e09417dffe48fb60d375553f72874126,7564d89a56673a4455dc51711e286da2e09417dffe48fb60d375553f72874126,,"infra,benchmark_ops,agent_design","`run_selected_tasks.sh` is blocked by token-refresh flow in this shell, so I’m switching to direct `harbor run` launches (still gated) for the 3 missing tasks, with 6 local-Docker runs started in parallel (baseline + MCP each)."
q027,2189973,019cb423-7004-7863-9454-8c7490acb6d3,codex,2026-03-03T15:58:34.231Z,assistant,/home/stephanie_jarmak/.codex/sessions/2026/03/03/rollout-2026-03-03T14-39-07-019cb423-7004-7863-9454-8c7490acb6d3.jsonl,-home-stephanie-jarmak-CodeScaleBench,9,4d8117ed0c5e47f5f8ca03cc630aaed67ec50d1e6f31675ee25e89dd00fd57a6,4d8117ed0c5e47f5f8ca03cc630aaed67ec50d1e6f31675ee25e89dd00fd57a6,,"infra,benchmark_ops,error_retry","I’m checking the failed `openlibrary-solr-boolean-fix-001` run artifacts to confirm whether this is a missing build/image issue or a Daytona allocation transient, then I’ll give you the concrete fix and command."
q028,2189470,019cb1b7-01f7-7b90-8d45-48c0d3c2329a,codex,2026-03-03T03:34:25.989Z,assistant,/home/stephanie_jarmak/.codex/sessions/2026/03/03/rollout-2026-03-03T03-21-26-019cb1b7-01f7-7b90-8d45-48c0d3c2329a.jsonl,-home-stephanie-jarmak-CodeScaleBench,9,bead6add9694a05b8b7fb0343b8dde03c035f261bdef5fb19b71b91f059313d0,bead6add9694a05b8b7fb0343b8dde03c035f261bdef5fb19b71b91f059313d0,,"infra,benchmark_ops","I’m proceeding in three phases now: identify the exact impacted task set for categories 2/3/4, compute per-task rerun deficits to reach 3 valid runs, then archive covered flagged artifacts and prepare Daytona reruns for only the deficits. I’ll check OAuth/token headroom before any run launch."
q029,2188877,019c9b1b-861e-7473-a838-d75afb176b8b,codex,2026-02-26T18:05:31.375Z,assistant,/home/stephanie_jarmak/.codex/sessions/2026/02/26/rollout-2026-02-26T17-59-58-019c9b1b-861e-7473-a838-d75afb176b8b.jsonl,-home-stephanie-jarmak-CodeScaleBench,9,8ece6b3bf7d26ec994ffae9fab6be5086afded10e670fa5fa405e162c24cd849,8ece6b3bf7d26ec994ffae9fab6be5086afded10e670fa5fa405e162c24cd849,,"benchmark_ops,agent_design,error_retry",I extracted 33 zero-reward candidates (no top-level errors) across the variance batch. Next I’m collapsing them to unique task IDs and pulling verifier/agent evidence so we can separate true task difficulty from MCP-specific issues.
q030,2188585,019c9677-b797-7d60-a66a-24eb77e8b800,codex,2026-02-25T21:03:32.515Z,assistant,/home/stephanie_jarmak/.codex/sessions/2026/02/25/rollout-2026-02-25T20-22-34-019c9677-b797-7d60-a66a-24eb77e8b800.jsonl,-home-stephanie-jarmak-CodeScaleBench,9,5865abf6c07bfd179e4480f9d88ed93df87eb549eb280e217b659dda342e0209,5865abf6c07bfd179e4480f9d88ed93df87eb549eb280e217b659dda342e0209,,"benchmark_ops,agent_design,error_retry",I have the root cause: both MCP runs were hard-failed by an org/model rate limit before the first turn (`You've hit your limit · resets 3am (UTC)`). I’m grabbing exact line references from the transcripts and the baseline verifier scores so the evidence is easy to audit.
q031,2188465,019c92eb-ca4c-7d13-9f99-df875073c0b4,codex,2026-02-25T04:17:19.770Z,assistant,/home/stephanie_jarmak/.codex/sessions/2026/02/25/rollout-2026-02-25T03-50-52-019c92eb-ca4c-7d13-9f99-df875073c0b4.jsonl,-home-stephanie-jarmak-CodeScaleBench,9,187f9f243afc546b5948f8bb2916beb414877edfef6bdf5f8668d492a60109d8,187f9f243afc546b5948f8bb2916beb414877edfef6bdf5f8668d492a60109d8,,"benchmark_ops,agent_design,error_retry","The report now records a clear MCP-specific failure reason (`mcp_blocked_cloudflare`) at initialize time, which is exactly what we want in this environment. I’m running the full top-5 pass with `mcp + deepsearch` enabled so your artifact reflects the new backend and error handling across all targets."
q032,2188446,019c92eb-ca4c-7d13-9f99-df875073c0b4,codex,2026-02-25T04:07:39.640Z,assistant,/home/stephanie_jarmak/.codex/sessions/2026/02/25/rollout-2026-02-25T03-50-52-019c92eb-ca4c-7d13-9f99-df875073c0b4.jsonl,-home-stephanie-jarmak-CodeScaleBench,9,6e61cff215eabd35b57ff572e3a2f419c56979d4095b8d491906e4009614d61a,6e61cff215eabd35b57ff572e3a2f419c56979d4095b8d491906e4009614d61a,,"benchmark_ops,agent_design,error_retry","I can align the script with Harbor’s env conventions immediately (`SOURCEGRAPH_MCP_URL` support), but the probe shows the real failure is a Cloudflare/WAF `403` on direct GraphQL (`error code: 1010`). That means Harbor MCP auth works for the MCP endpoint, while this bridge’s GraphQL-based curation path is being blocked. I’ll patch the env handling anyway and make the failure reason explicit in the report."
q033,2187626,019c6e74-f7c2-75f1-8d69-25453622e6b9,codex,2026-02-18T02:06:54.224Z,assistant,/home/stephanie_jarmak/.codex/sessions/2026/02/18/rollout-2026-02-18T01-54-45-019c6e74-f7c2-75f1-8d69-25453622e6b9.jsonl,-home-stephanie-jarmak-CodeScaleBench,9,03ac221868752f6cedbf588d486e391a56d5d8808349c9cf2055b75b18e0eecb,03ac221868752f6cedbf588d486e391a56d5d8808349c9cf2055b75b18e0eecb,,"infra,benchmark_ops,agent_design","I confirmed `Dockerfile.sg_only` exists, so I’m launching a one-off `sec-reach-002` rerun now with `opus-4-6` and Sourcegraph MCP (`BASELINE_MCP_TYPE=deepsearch`), then I’ll report the exact reward and verifier notes."
q034,2186849,019c6956-181b-7573-a6bb-a69930df602e,codex,2026-02-17T15:10:09.093Z,assistant,/home/stephanie_jarmak/.codex/sessions/2026/02/17/rollout-2026-02-17T02-02-55-019c6956-181b-7573-a6bb-a69930df602e.jsonl,-home-stephanie-jarmak-CodeScaleBench,9,fc52ede3a6804e95d543c22c892390b865c12270e05c935f9c951f4d2017d864,fc52ede3a6804e95d543c22c892390b865c12270e05c935f9c951f4d2017d864,,"infra,benchmark_ops,error_retry","I’ll verify this directly by separating smoke into two phases for the timeout-heavy tasks: Docker build timing vs verifier-run timing, using the same 300s budget."
q035,2186841,019c6956-181b-7573-a6bb-a69930df602e,codex,2026-02-17T14:29:54.925Z,assistant,/home/stephanie_jarmak/.codex/sessions/2026/02/17/rollout-2026-02-17T02-02-55-019c6956-181b-7573-a6bb-a69930df602e.jsonl,-home-stephanie-jarmak-CodeScaleBench,9,a675d5896b559cc8fda6075abc27b50fbbd3ce4bc07ec8b40fa48086f29d53b7,a675d5896b559cc8fda6075abc27b50fbbd3ce4bc07ec8b40fa48086f29d53b7,,"infra,agent_design,error_retry","Smoke framework is now stable at `16/19` (remaining 3 are timeout-only). I’m making a final doc/skill update so the new behavior is explicit: dual Docker build-context fallback, warning semantics for nonzero-with-reward, and timeout guidance."
q036,2190739,019cb8d8-6503-7ad2-acb9-dc3faa002714,codex,2026-03-04T14:50:24.346Z,assistant,/home/stephanie_jarmak/.codex/sessions/2026/03/04/rollout-2026-03-04T12-35-15-019cb8d8-6503-7ad2-acb9-dc3faa002714.jsonl,-home-stephanie-jarmak-CodeScaleBench,8,63b291640262a57f1127dbf0cc3fd41dd1ab5f8c826d84354b1f4275236badd7,63b291640262a57f1127dbf0cc3fd41dd1ab5f8c826d84354b1f4275236badd7,,"infra,benchmark_ops,error_retry","I confirmed these Daytona artifacts are not usable benchmark outputs (one dry-run, two infra errors before execution). I’m doing one final check for the specific task against `runs/official/MANIFEST.json` to confirm official already has real runs for it."
q037,2189437,019ca1ed-4067-7920-8a13-104cfa848ee1,codex,2026-02-28T01:51:36.523Z,user,/home/stephanie_jarmak/.codex/sessions/2026/02/28/rollout-2026-02-28T01-46-46-019ca1ed-4067-7920-8a13-104cfa848ee1.jsonl,-home-stephanie-jarmak-CodeScaleBench,8,92f7300caa313d56f69a65fc272597f4f1a6e4eb04c1ad53f9305d436e905fca,92f7300caa313d56f69a65fc272597f4f1a6e4eb04c1ad53f9305d436e905fca,,"benchmark_ops,error_retry","revise this paragraph so it actually describes this abc audit: I also created an agentic benchmark checklist pipeline (inspired by this paper) to audit every task before it goes into a suite. The pipeline validates across six dimensions (instruction contamination, reproducibility, verifier correctness, ghost detection, error classification, and tool effectiveness) and catches many subtle failures, but not everything, more on that ( :) ) in the QA section."
q038,2188850,019c96d7-7710-75e3-b07e-98fe43f74220,codex,2026-02-26T12:54:51.333Z,assistant,/home/stephanie_jarmak/.codex/sessions/2026/02/25/rollout-2026-02-25T22-07-09-019c96d7-7710-75e3-b07e-98fe43f74220.jsonl,-home-stephanie-jarmak-CodeScaleBench,8,36f77c98945574f3004dddca87458e94e908a9cd98012a1aa273eebc691d98cf,36f77c98945574f3004dddca87458e94e908a9cd98012a1aa273eebc691d98cf,,"benchmark_ops,agent_design,error_retry",The invalid official reruns are archived. Next I’m writing a small follow-up rerun bundle that dedupes the two `servo` timeout retries into one rerun command and separately tracks the `ansible` verifier-fix rerun.
q039,2188822,019c96d7-7710-75e3-b07e-98fe43f74220,codex,2026-02-25T23:25:18.757Z,assistant,/home/stephanie_jarmak/.codex/sessions/2026/02/25/rollout-2026-02-25T22-07-09-019c96d7-7710-75e3-b07e-98fe43f74220.jsonl,-home-stephanie-jarmak-CodeScaleBench,8,eeb4b1882bb1c175772b2f5e803c813f490cde8af7b39682fe1b7903643ff359,eeb4b1882bb1c175772b2f5e803c813f490cde8af7b39682fe1b7903643ff359,,"benchmark_ops,agent_design,error_retry","I’ve confirmed the repo has rerun/quarantine tooling, but the built-in quarantine rule is for zero-MCP anomalies and won’t catch these verifier/runtime cases. Next I’ll classify the suspicious zeroes (timeouts + verifier env/runtime failures) and then quarantine those task directories explicitly."
q040,2188582,019c9677-b797-7d60-a66a-24eb77e8b800,codex,2026-02-25T21:02:57.281Z,assistant,/home/stephanie_jarmak/.codex/sessions/2026/02/25/rollout-2026-02-25T20-22-34-019c9677-b797-7d60-a66a-24eb77e8b800.jsonl,-home-stephanie-jarmak-CodeScaleBench,8,29e71dcfc0c0300837be7e35202ea41497e145fce6cdf1fde1e182c2957b72d7,29e71dcfc0c0300837be7e35202ea41497e145fce6cdf1fde1e182c2957b72d7,,"benchmark_ops,agent_design,error_retry","I’ve located all four task runs. Next I’ll pull `task_metrics.json`, verifier outputs, and the tail of each transcript for baseline vs MCP to classify what failed in the MCP runs."
